{"\u5de5\u4f5c": 2.249563217163086, "\u5c08\u68481": 26.939188718795776, "\u5403\u98ef": 1.7058539390563965}