{"\u770b\u66f8": 17.50638461112976, "\u770b\u96fb\u5f71": 15.455105066299438}